url,sku,inventory
https://www.arteriorshome.com/delrio-outdoor-dining-table-fds12,FDS12,IN STOCK
https://www.arteriorshome.com/chilton-outdoor-dining-chair-frs14,FRS14,AVAILABLE IN 30 DAYS
https://www.arteriorshome.com/delrio-outdoor-bench-fhs04,FHS04,IN STOCK
https://www.arteriorshome.com/margot-outdoor-lounge-chair-frs13,FRS13,AVAILABLE IN 90 DAYS
https://www.arteriorshome.com/daytona-outdoor-chaise-fts01,FTS01,LOW STOCK – CALL FOR AVAILABILITY
https://www.arteriorshome.com/caldwell-outdoor-sofa-ffs01,FFS01,IN STOCK
https://www.arteriorshome.com/escape-outdoor-bench-fhs05,FHS05,IN STOCK
https://www.arteriorshome.com/caldwell-outdoor-sofa-ffs03,FFS03,IN STOCK
https://www.arteriorshome.com/caldwell-outdoor-ottoman-fos04,FOS04,IN STOCK
https://www.arteriorshome.com/caldwell-outdoor-ottoman-fos05,FOS05,IN STOCK
https://www.arteriorshome.com/canyon-outdoor-accent-table-fas10,FAS10,IN STOCK
https://www.arteriorshome.com/cuzco-outdoor-coffee-table-fcs11,FCS11,IN STOCK
https://www.arteriorshome.com/elmwood-outdoor-sconce-dwc45,DWC45,IN STOCK
https://www.arteriorshome.com/boyden-outdoor-end-table-fes08,FES08,AVAILABLE IN 90 DAYS
https://www.arteriorshome.com/dominic-outdoor-dining-table-fds13,FDS13,IN STOCK
https://www.arteriorshome.com/echo-outdoor-dining-table-fds14,FDS14,CALL FOR AVAILABILITY
https://www.arteriorshome.com/drover-outdoor-cocktail-tables-set-of-2-fcs12,FCS12,AVAILABLE IN 90 DAYS
https://www.arteriorshome.com/dupont-outdoor-chair-frs18,FRS18,IN STOCK
https://www.arteriorshome.com/dupont-outdoor-chair-frs12,FRS12,IN STOCK
https://www.arteriorshome.com/chapman-outdoor-bar-stool-fss04,FSS04,IN STOCK
https://www.arteriorshome.com/etta-outdoor-coffee-table-fcs14,FCS14,IN STOCK
https://www.arteriorshome.com/emoto-outdoor-coffee-table-fcs13,FCS13,IN STOCK
https://www.arteriorshome.com/easley-outdoor-chair-frs10,FRS10,AVAILABLE IN 90 DAYS
https://www.arteriorshome.com/emoto-outdoor-chair-frs11,FRS11,AVAILABLE IN 60 DAYS
https://www.arteriorshome.com/delano-outdoor-console-fls10,FLS10,IN STOCK
https://www.arteriorshome.com/dupont-outdoor-sofa-ffs02,FFS02,IN STOCK
https://www.arteriorshome.com/dupont-outdoor-sofa-ffs04,FFS04,IN STOCK
https://www.arteriorshome.com/estes-outdoor-counter-stool-fss06,FSS06,AVAILABLE IN 60 DAYS
https://www.arteriorshome.com/chicago-small-outdoor-planter-avs04,AVS04,AVAILABLE IN 90 DAYS
https://www.arteriorshome.com/chicago-large-outdoor-planter-avs05,AVS05,AVAILABLE IN 90 DAYS
https://www.arteriorshome.com/corbin-outdoor-lantern-ptc49,PTC49,IN STOCK
https://www.arteriorshome.com/everest-outdoor-sconce-dwc39,DWC39,IN STOCK
https://www.arteriorshome.com/crawford-outdoor-sconce-dwc43,DWC43,IN STOCK
https://www.arteriorshome.com/ennis-outdoor-sconce-dwc40,DWC40,IN STOCK
https://www.arteriorshome.com/chadwick-outdoor-sconce-dwc41,DWC41,IN STOCK
https://www.arteriorshome.com/carter-outdoor-sconce-dwc44,DWC44,IN STOCK
https://www.arteriorshome.com/copeland-outdoor-lantern-ptc37,PTC37,IN STOCK
https://www.arteriorshome.com/chance-outdoor-sconce-dwc42,DWC42,IN STOCK
https://www.arteriorshome.com/clarke-outdoor-planter-avs06,AVS06,LOW STOCK – CALL FOR AVAILABILITY
https://www.arteriorshome.com/dewey-outdoor-drink-table-fas08,FAS08,CALL FOR AVAILABILITY
https://www.arteriorshome.com/estes-outdoor-bar-stool-fss05,FSS05,IN STOCK
https://www.arteriorshome.com/estes-outdoor-dining-chair-frs16,FRS16,IN STOCK
https://www.arteriorshome.com/enzo-outdoor-bar-stool-fss02,FSS02,IN STOCK
https://www.arteriorshome.com/enzo-outdoor-counter-stool-fss01,FSS01,IN STOCK
https://www.arteriorshome.com/enzo-outdoor-dining-chair-frs15,FRS15,IN STOCK
https://www.arteriorshome.com/chapman-outdoor-counter-stool-fss03,FSS03,IN STOCK
https://www.arteriorshome.com/chapman-outdoor-dining-chair-frs17,FRS17,IN STOCK
https://www.arteriorshome.com/calypso-outdoor-end-table-fes11,FES11,IN STOCK
https://www.arteriorshome.com/caper-outdoor-accent-table-fas09,FAS09,IN STOCK
https://www.arteriorshome.com/davos-outdoor-pedestal-fas11,FAS11,IN STOCK
https://www.arteriorshome.com/enya-outdoor-stool-fos03,FOS03,LOW STOCK – CALL FOR AVAILABILITY
https://www.arteriorshome.com/creedon-outdoor-end-table-fes09,FES09,IN STOCK
https://www.arteriorshome.com/dermot-outdoor-end-table-fes10,FES10,IN STOCK
https://www.arteriorshome.com/brett-accent-table-5560,5560,IN STOCK
https://www.arteriorshome.com/chelsea-centerpiece-5555,5555,IN STOCK
https://www.arteriorshome.com/rory-accent-table-5789,5789,IN STOCK
https://www.arteriorshome.com/edinburgh-planter-ats04,ATS04,IN STOCK
https://www.arteriorshome.com/charlie-outdoor-sconce-49367,49367,AVAILABLE IN 90 DAYS
https://www.arteriorshome.com/nika-end-table-5685,5685,LOW STOCK – CALL FOR AVAILABILITY
https://www.arteriorshome.com/wave-cocktail-table-dc5002,DC5002,LOW STOCK – CALL FOR AVAILABILITY
https://www.arteriorshome.com/reese-coffee-table-5787,5787,AVAILABLE IN 30 DAYS
https://www.arteriorshome.com/beckham-coffee-table-5098,5098,IN STOCK
https://www.arteriorshome.com/cantilever-small-planter-dc5001,DC5001,IN STOCK
https://www.arteriorshome.com/zanadoo-outdoor-pendant-49225,49225,LOW STOCK – CALL FOR AVAILABILITY
https://www.arteriorshome.com/spiazzo-end-table-dj5017,DJ5017,IN STOCK
https://www.arteriorshome.com/shani-outdoor-pendant-49222,49222,IN STOCK
https://www.arteriorshome.com/seychelles-carbon-outdoor-rug-rsc,RSC,IN STOCK
https://www.arteriorshome.com/mallorca-pearl-outdoor-rug-rmp,RMP,IN STOCK
https://www.arteriorshome.com/seychelles-sand-outdoor-rug-rss,RSS,IN STOCK
https://www.arteriorshome.com/cantilever-large-planter-dc5000,DC5000,IN STOCK
https://www.arteriorshome.com/seychelles-fossil-outdoor-rug-rsf,RSF,IN STOCK
https://www.arteriorshome.com/crete-mist-outdoor-rug-rcm,RCM,IN STOCK
https://www.arteriorshome.com/crete-ecru-outdoor-rug-rce,RCE,IN STOCK
https://www.arteriorshome.com/reeves-large-outdoor-pendant-49208,49208,IN STOCK
https://www.arteriorshome.com/shani-outdoor-pendant-49223,49223,IN STOCK
https://www.arteriorshome.com/reeves-large-outdoor-pendant-49207,49207,IN STOCK
https://www.arteriorshome.com/sorel-outdoor-pendant-49216,49216,IN STOCK
https://www.arteriorshome.com/reeves-small-outdoor-pendant-49211,49211,IN STOCK
https://www.arteriorshome.com/reeves-small-outdoor-pendant-49210,49210,IN STOCK
